{"model":{"version":3,"nodes":[{"name":"RootNode","position":[0,0,0],"rotation":[0,0,0],"scale":[0.01,0.01,0.01],"scaleCompensation":false},{"name":"Table_GEO","position":[7.32747e-13,3.10862e-13,2.88658e-13],"rotation":[0,0,0],"scale":[1,1,1],"scaleCompensation":false}],"parents":[-1,0],"skins":[],"morphs":[],"vertices":[{"position":{"type":"float32","components":3,"data":[-148.066,-25.9933,-71.2462,-148.066,-28.0075,-71.2462,-92.9508,-25.9933,-71.2462,-92.9508,-28.0075,-71.2462,-150.072,-25.9933,-44.2045,-150.072,-28.0075,-44.2045,-150.072,-25.9933,-69.2426,-150.072,-28.0075,-69.2426,-148.044,-25.8378,-69.2285,-148.044,-55.5399,-69.2285,-148.044,-25.8378,-71.2937,-148.044,-55.5399,-71.2937,-150.109,-25.8378,-71.2937,-150.109,-55.5399,-71.2937,-150.109,-25.8378,-69.2285,-150.109,-55.5399,-69.2285,-90.9472,-25.9933,-69.2426,-90.9472,-28.0075,-69.2426,-90.9472,-25.9933,-44.2045,-90.9472,-28.0075,-44.2045,-150.109,-25.8378,-69.2285,-150.109,-55.5399,-69.2285,-148.044,-25.8378,-69.2285,-148.044,-55.5399,-69.2285,-148.044,-25.8378,-71.2937,-148.044,-55.5399,-71.2937,-150.109,-25.8378,-71.2937,-150.109,-55.5399,-71.2937,-148.09,-55.5491,-69.2768,-150.104,-55.5491,-69.2768,-148.09,-25.8289,-69.2768,-150.104,-25.8289,-69.2768,-148.09,-25.8289,-71.2937,-148.09,-55.5491,-71.2937,-148.09,-55.5491,-69.2768,-148.09,-25.8289,-69.2768,-92.9158,-55.5491,-69.2728,-92.9158,-55.5491,-71.2869,-92.9158,-25.8289,-69.2728,-92.9158,-25.8289,-71.2869,-150.063,-55.5491,-71.2454,-148.049,-55.5491,-71.2454,-150.063,-25.8289,-71.2454,-148.049,-25.8289,-71.2454,-150.063,-25.8289,-69.2285,-150.063,-55.5491,-69.2285,-150.063,-55.5491,-71.2454,-150.063,-25.8289,-71.2454,-92.9639,-25.8378,-71.2922,-92.9639,-55.5399,-71.2922,-92.9639,-25.8378,-69.2269,-92.9639,-55.5399,-69.2269,-90.9472,-55.5491,-71.2463,-90.9472,-55.5491,-69.2322,-90.9472,-25.8289,-71.2463,-90.9472,-25.8289,-69.2322,-92.9639,-25.8289,-71.2463,-92.9639,-55.5491,-71.2463,-90.9472,-55.5491,-71.2463,-90.9472,-25.8289,-71.2463,-92.9639,-25.8378,-69.2269,-92.9639,-55.5399,-69.2269,-90.899,-25.8378,-69.2269,-90.899,-55.5399,-69.2269,-90.899,-25.8378,-69.2269,-90.899,-55.5399,-69.2269,-90.899,-25.8378,-71.2922,-90.899,-55.5399,-71.2922,-90.899,-25.8378,-71.2922,-90.899,-55.5399,-71.2922,-92.9639,-25.8378,-71.2922,-92.9639,-55.5399,-71.2922,-150.11,-25.8378,-42.155,-150.11,-55.5399,-42.155,-148.045,-25.8378,-42.155,-148.045,-55.5399,-42.155,-150.062,-25.8289,-42.2009,-150.062,-55.5491,-42.2009,-150.062,-55.5491,-44.2149,-150.062,-25.8289,-44.2149,-92.9599,-25.9475,-71.2946,-92.9599,-28.0127,-71.2946,-148.057,-28.0127,-71.2946,-148.057,-25.9475,-71.2946,-148.045,-25.8289,-42.2009,-148.045,-55.5491,-42.2009,-150.062,-55.5491,-42.2009,-150.062,-25.8289,-42.2009,-148.045,-25.8378,-42.155,-148.045,-55.5399,-42.155,-148.045,-25.8378,-44.2202,-148.045,-55.5399,-44.2202,-150.11,-25.8289,-44.1744,-150.11,-55.5491,-44.1744,-148.094,-55.5491,-44.1744,-148.094,-25.8289,-44.1744,-148.045,-25.8378,-44.2202,-148.045,-55.5399,-44.2202,-150.11,-25.8378,-44.2202,-150.11,-55.5399,-44.2202,-148.094,-25.8289,-44.1744,-148.094,-55.5491,-44.1744,-148.094,-55.5491,-42.1603,-148.094,-25.8289,-42.1603,-90.4458,-25.2256,-71.7138,-90.4458,-25.9764,-41.6749,-90.4458,-25.9764,-71.7138,-90.4458,-25.2256,-41.6749,-150.524,-25.9764,-71.7138,-150.524,-25.9764,-41.6749,-150.524,-25.2256,-41.6749,-150.524,-25.2256,-71.7138,-90.4458,-25.9764,-71.7138,-150.524,-25.9764,-71.7138,-150.524,-25.2256,-71.7138,-90.4458,-25.2256,-71.7138,-150.12,-28.0127,-69.2335,-150.12,-28.0127,-44.2136,-150.12,-25.9475,-69.2335,-150.12,-25.9475,-44.2136,-90.4458,-25.9764,-41.6749,-150.524,-25.9764,-41.6749,-150.524,-25.9764,-71.7138,-90.4458,-25.9764,-71.7138,-150.524,-25.9764,-41.6749,-90.4458,-25.9764,-41.6749,-90.4458,-25.2256,-41.6749,-150.524,-25.2256,-41.6749,-150.524,-25.2256,-71.7138,-90.4458,-25.2256,-41.6749,-90.4458,-25.2256,-71.7138,-150.524,-25.2256,-41.6749,-90.899,-25.9475,-44.2136,-90.899,-28.0127,-44.2136,-90.899,-28.0127,-69.2335,-90.899,-25.9475,-69.2335,-148.057,-28.0127,-42.1601,-92.9599,-28.0127,-42.1601,-148.057,-25.9475,-42.1601,-92.9599,-25.9475,-42.1601,-150.11,-25.8378,-44.2202,-150.11,-55.5399,-44.2202,-150.11,-25.8378,-42.155,-150.11,-55.5399,-42.155,-90.9002,-25.8378,-44.2186,-90.9002,-55.5399,-44.2186,-92.9657,-25.8378,-44.2186,-92.9657,-55.5399,-44.2186,-92.9657,-25.8378,-44.2186,-92.9657,-55.5399,-44.2186,-92.9657,-25.8378,-42.1534,-92.9657,-55.5399,-42.1534,-90.899,-25.8289,-69.2728,-90.899,-55.5491,-69.2728,-92.9158,-55.5491,-69.2728,-92.9158,-25.8289,-69.2728,-92.9657,-25.8378,-42.1534,-92.9657,-55.5399,-42.1534,-90.9002,-25.8378,-42.1534,-90.9002,-55.5399,-42.1534,-90.9002,-25.8378,-42.1534,-90.9002,-55.5399,-42.1534,-90.9002,-25.8378,-44.2186,-90.9002,-55.5399,-44.2186]},"normal":{"type":"float32","components":3,"data":[0,-0.894673,0.446721,0,0,1,0,-0.447706,0.894181,0,0,1,0.446654,-0.894707,0,1,0,0,0.894147,-0.447773,0,1,0,0,0.447164,0,0.894452,0.894402,0,0.447263,1,0,1.22465e-16,1,0,1.22465e-16,-0.447164,0,-0.894452,-0.894402,0,-0.447263,-1,0,0,-1,0,0,-0.446654,-0.894707,0,-1,0,0,-0.894147,-0.447773,0,-1,0,0,-1.22465e-16,0,1,-1.22465e-16,0,1,0.447164,0,0.894452,0.894402,0,0.447263,0,0,-1,0,0,-1,-0.447164,0,-0.894452,-0.894402,0,-0.447263,-0.894648,0,-0.446772,1.22465e-16,0,-1,-0.447655,0,-0.894206,1.22465e-16,0,-1,-1,0,-1.22465e-16,-1,0,-1.22465e-16,-0.894648,0,-0.446772,-0.447655,0,-0.894206,0.446734,0,-0.894667,1,0,1.22465e-16,0.894187,0,-0.447694,1,0,1.22465e-16,0.894648,0,0.446772,0,0,1,0.447655,0,0.894206,0,0,1,1,0,0,1,0,0,0.894648,0,0.446772,0.447655,0,0.894206,-1,0,-1.22465e-16,-1,0,-1.22465e-16,-0.894455,0,0.447158,-0.447269,0,0.894399,-0.446734,0,0.894667,-1,0,0,-0.894187,0,0.447694,-1,0,0,0,0,1,0,0,1,-0.446734,0,0.894667,-0.894187,0,0.447694,-0.894455,0,0.447158,-0.447269,0,0.894399,-1.22465e-16,0,1,-1.22465e-16,0,1,1,0,0,1,0,0,0.894455,0,-0.447158,0.447269,0,-0.894399,0.894455,0,-0.447158,0.447269,0,-0.894399,0,0,-1,0,0,-1,-0.894455,0,0.447158,-0.447269,0,0.894399,0,0,1,0,0,1,0.894187,0,-0.447694,0.446734,0,-0.894667,1,0,0,1,0,0,0,0,-1,0,0,-1,0,0,-1,0,0,-1,0,0,-1,0,0,-1,0.446734,0,-0.894667,0.894187,0,-0.447694,1,0,1.22465e-16,1,0,1.22465e-16,0.894455,0,-0.447158,0.447269,0,-0.894399,-1.22465e-16,0,1,-1.22465e-16,0,1,-0.446734,0,0.894667,-0.894187,0,0.447694,0.894455,0,-0.447158,0.447269,0,-0.894399,1.22465e-16,0,-1,1.22465e-16,0,-1,-0.894187,0,0.447694,-0.446734,0,0.894667,-1,0,-1.22465e-16,-1,0,-1.22465e-16,0.0249801,0.999376,-0.0249802,0.0124959,-0.999844,0.0124959,0.0124813,-0.998675,-0.0499253,0.00624685,0.999668,0.0249875,-0.0124959,-0.999844,-0.0124959,-0.0124813,-0.998675,0.0499253,-0.0249801,0.999376,0.0249802,-0.00624685,0.999668,-0.0249875,0.0124813,-0.998675,-0.0499253,-0.0124959,-0.999844,-0.0124959,-0.00624685,0.999668,-0.0249875,0.0249801,0.999376,-0.0249802,-1,0,0,-1,0,0,-1,0,0,-1,0,0,0.0124959,-0.999844,0.0124959,-0.0124813,-0.998675,0.0499253,-0.0124959,-0.999844,-0.0124959,0.0124813,-0.998675,-0.0499253,-0.0124813,-0.998675,0.0499253,0.0124959,-0.999844,0.0124959,0.00624685,0.999668,0.0249875,-0.0249801,0.999376,0.0249802,-0.00624685,0.999668,-0.0249875,0.00624685,0.999668,0.0249875,0.0249801,0.999376,-0.0249802,-0.0249801,0.999376,0.0249802,1,0,0,1,0,0,1,0,0,1,0,0,0,0,1,0,0,1,0,0,1,0,0,1,-1,0,0,-1,0,0,-0.894455,0,0.447158,-0.447269,0,0.894399,1.22465e-16,0,-1,1.22465e-16,0,-1,-0.447164,0,-0.894452,-0.894402,0,-0.447263,-0.447164,0,-0.894452,-0.894402,0,-0.447263,-1,0,-1.22465e-16,-1,0,-1.22465e-16,1.22465e-16,0,-1,1.22465e-16,0,-1,0.446734,0,-0.894667,0.894187,0,-0.447694,0,0,1,0,0,1,0.447164,0,0.894452,0.894402,0,0.447263,0.447164,0,0.894452,0.894402,0,0.447263,1,0,0,1,0,0]},"texCoord0":{"type":"float32","components":2,